id,first_name,last_name,age,parent_1,parent_2,phone,attendance,days_membership
61953071,Farrell,Dowdam,13,Ursuline,Lincoln,978-566-4093,180,180
94539742,Mae,Bazelle,16,Rachel,,978-158-4549,180,180
43022978,Amby,Abramovitz,17,Zorana,Iggie,978-284-2780,180,180
621693361,Zebulen,Marling,5,Abbe,Isa,978-120-4564,79,180
24265284,Jarrett,Douse,17,Maddie,Sig,978-242-6905,180,180
89140211,Page,McBryde,11,Wilone,Hale,978-909-7048,180,180
89156041,Zeke,Powlesland,10,Nikaniki,,978-902-3118,180,180
34884237,Amelina,Seeking,16,Ailee,Niven,978-323-1896,180,180
56260478,Delcine,Van Der Weedenburg,16,Annadiane,Milo,978-079-1509,48,180
992745683,Katrinka,Seide,7,Samson,Jemie,978-077-0638,180,180
14213930,Tabbitha,Gianuzzi,20,Kamillah,Otis,978-704-1087,,
424343540,Dulcine,Reglar,8,Mala,,978-539-9660,180,180
83965327,Katie,Kiss,20,Bobbe,Gerard,978-174-8263,,
68872945,Katina,Nazer,22,Marieann,Trever,978-315-8143,,
37271452,Mahalia,Coleshill,22,Carla,Bradney,978-987-7682,,
55165820,Frayda,Morecomb,14,Cristine,Muffin,978-624-8399,180,180
56921103,Conway,Izaac,13,Sherrie,,978-988-1399,176,180
106156157,Archy,Felgat,5,Hailee,Dorothea,978-837-4377,59,180
83158491,Rudyard,Leifer,12,Harmony,Lenci,978-865-6708,180,180
415090506,Renault,Brownsmith,6,Zondra,Kellie,978-353-1853,180,180
28610970,Teddy,Beese,16,Annabella,Olivier,978-012-9973,180,180
86065980,Byram,Bradberry,15,Jeannette,Amos,978-086-4202,180,180
12089176,Aggi,Ferrillio,15,Collete,,978-850-9945,180,180
368518506,Charis,Kings,7,Lyn,Morrie,978-043-3928,180,180
52904589,Royall,Singh,14,Hildegaard,Sancho,978-231-8886,55,180
76213643,Winfield,Jedrzejewsky,17,Rosmunda,Bartholomew,978-561-7068,101,180
79616605,Jerrome,Huburn,17,Allyn,Lonnard,978-650-2948,180,180
69473221,Ethelred,Dan,13,Beryle,Mic,978-546-4713,180,180
99783457,Reinwald,Felten,21,Happy,Roi,978-726-7885,,
54563999,Chane,Schohier,12,Terri-jo,Emmett,978-645-7755,180,180
5476665,Lorilee,Pescud,19,Ivory,,978-227-4143,,
897114322,Moritz,Lentsch,8,Cris,,978-775-3112,180,180
58372373,Clarine,Smallpiece,16,Lina,Dew,978-818-2809,180,180
91522857,Moreen,Mc Corley,22,Barbra,Ludovico,978-485-9041,,
853759093,Hank,Montilla,8,Brooke,Chrotoem,978-800-2433,175,180
44549833,Roderigo,Blowin,16,Loise,Christoph,978-216-8028,180,180
688150398,Horst,Crocroft,5,Jessalin,Gaylord,978-549-4723,180,180
63104728,Currey,Samudio,6,Julian,Blaine,978-841-6332,180,180
92331606,Henry,Hughs,20,Elie,Con,978-106-8694,,
15980620,Myranda,Tregear,19,Ami,,978-875-8651,,
61398059,Marja,Greenshields,18,Merrie,Neville,978-859-3618,180,180
31986847,Sebastien,Sprake,21,Dede,,978-752-9303,,
65346685,Antoni,Gatteridge,19,Fulvia,,978-300-7128,,
31762945,Sly,De Vaux,11,Lusa,,978-588-7333,175,180
65985684,Dov,Mantripp,10,Cymbre,Andrea,978-079-9465,180,180
93997281,Maurita,Lightman,15,Ariela,Aron,978-363-4365,179,180
48857534,Margarethe,Durant,16,Shirlee,Haydon,978-101-0370,180,180
99078178,Kim,Pavic,20,Renee,Kurtis,978-960-8237,,
13958118,Roxine,Winspeare,18,Ronnica,,978-814-2414,180,180
28492852,Lorita,Livingston,9,Anita,Mata,978-781-0603,180,180
83032335,Cassie,Give,20,Antonina,Gardner,978-912-5235,,
36765390,Ellerey,Feasey,10,Wilone,Thain,978-948-0937,180,180
32025282,Kelly,Torre,9,Lark,Butch,978-610-8144,180,180
20067753,Guthry,Ewert,9,Biddie,Derby,978-085-7813,180,180
34534667,Bealle,Mattschas,18,Sib,Waylen,978-044-0256,180,180
17980864,Dillon,Robshaw,11,Ingunna,Rolando,978-210-5448,180,180
55860051,Kath,Kardos-Stowe,17,Daveta,Bartram,978-848-7183,136,180
564559149,Carey,Gladstone,8,Marti,Porty,978-568-1123,180,180
84528532,Sheridan,Ansley,17,Katha,Denys,978-630-3054,180,180
9245116,Colet,Rubanenko,13,Betsy,Paxton,978-372-1522,180,180
12660119,Danna,Vinten,8,Lamar,Junie,978-579-4049,175,180
42860549,Obediah,Hort,21,Tomi,,978-553-7081,,
4896198,Lillian,Burtonwood,18,Andreana,Darrell,978-420-3375,180,180
75556571,Cyndi,Iacovini,20,Wileen,Keefer,978-814-2568,,
312206197,Melba,Kingsly,5,Ciel,Berrie,978-608-4421,180,180
15842879,Eamon,Snaith,10,Mary,Evin,978-683-3416,180,180
92764331,Chelsea,Bernaldo,10,Amil,Tremain,978-399-1105,180,180
65898850,Lorita,Klebes,18,Krystal,,978-623-3881,180,180
672050414,Allister,Akam,8,Ario,,978-340-5786,180,180
118000795,Brett,Gready,5,Chere,,978-140-3434,180,180
15212530,Britteny,Unwins,9,Gratia,Henderson,978-464-4105,180,180
16734135,Stephani,Biasioni,20,Meridith,Ring,978-643-9101,,
77204566,Israel,Brittian,11,Bill,,978-805-4995,180,180
157183326,Marji,Glamart,8,Parrnell,Quentin,978-780-1821,180,180
48702191,Cece,Ganniclifft,10,Maxie,,978-645-4949,180,180
76250957,Melvyn,Carne,14,Nancy,,978-709-7073,180,180
3866163,Joella,Buller,13,Bettina,Stephen,978-780-2987,180,180
51136375,Loria,Berthouloume,17,Wilmette,Izak,978-006-5841,180,180
33491478,Clare,Lanceter,16,Emmy,,978-191-9084,165,180
959576241,Ronda,Lease,8,Aloysius,Agosto,978-723-7347,180,180